Workbook

Sheet 📖 Instrucciones
A1: MATRIZ DE TRAZABILIDAD DE REQUISITOS
A2: Instanciada para el proyecto Dietas al Día — Requisito EPC 28 · U4A1 Ingeniería de Requisitos
A4: ¿QUÉ ES ESTA PLANTILLA?
A5: Esta plantilla permite rastrear cada necesidad de negocio a través de todo el ciclo de vida del software: desde el requisito que la documenta, hasta los casos de prueba que la verifican y el código que la implementa. Cuando un requisito cambia, la matriz muestra de inmediato qué otros artefactos deben actualizarse, evitando el scope creep silencioso y las regresiones no detectadas.
A9: ESTRUCTURA DE LA PLANTILLA
A10: 📋 Matriz principal | C10: Hoja central. Cada fila es un requisito. Registra origen, especificación, pruebas, estado y RFC asociada.
A11: 🔗 Trazabilidad visual | C11: Vista cruzada (requisitos × artefactos). Un ✓ en cada celda indica que el artefacto cubre ese requisito.
A12: 📊 Resumen y métricas | C12: Dashboard automático: % de cobertura, requisitos sin prueba, cambios pendientes y semáforo de salud.
A13: 📝 Registro de RFCs | C13: Historial de todas las Solicitudes de Cambio procesadas, con estado y artefactos impactados.
A14: 🗂️ Catálogo de artefactos | C14: Inventario de todos los documentos, módulos de código y casos de prueba referenciados en la matriz.
A16: GUÍA DE COLORES Y ESTADOS
A17: Activo / Aprobado / Completado | D17: El requisito o artefacto está en uso y verificado.
A18: En desarrollo / Pendiente de revisión | D18: Trabajo en curso. Requiere seguimiento.
A19: Rechazado / Bloqueado / Sin cobertura | D19: Requiere acción inmediata. No puede cerrarse el ciclo.
A20: Propuesto / En análisis | D20: RFC o requisito recién ingresado, aún no evaluado.
A21: Aplazado / En espera de decisión | D21: El CCB ha pospuesto la decisión a una iteración futura.
A22: Archivado / Fuera de alcance | D22: No aplica al sprint actual. Conservado por trazabilidad histórica.
A24: FLUJO DE TRABAJO RECOMENDADO
A25: 1. Al iniciar el proyecto, registra todas las necesidades de negocio en la columna 'ID Necesidad' de la Matriz principal.
A26: 2. Para cada necesidad, crea al menos un requisito en la hoja Matriz principal. Completa todas las columnas.
A27: 3. A medida que avanza el desarrollo, actualiza 'ID Código', 'ID Caso de prueba' y 'Resultado prueba'.
A28: 4. Cuando llegue una RFC, regístrala en la hoja 'Registro de RFCs' y actualiza las filas afectadas en la Matriz principal.
A29: 5. Usa la hoja 'Trazabilidad visual' para detectar requisitos sin cobertura (celdas vacías en columnas de artefactos).
A30: 6. Revisa el 'Resumen y métricas' antes de cada reunión del CCB o revisión de sprint.
A31: 7. Al cerrar el proyecto, archiva la matriz completa junto con el SRS y el informe de lecciones aprendidas.

Sheet 📋 Matriz principal
A1: MATRIZ DE TRAZABILIDAD DE REQUISITOS — Hoja principal
A2: IDENTIFICACIÓN | D2: ORIGEN | G2: ESPECIFICACIÓN | I2: IMPLEMENTACIÓN | L2: VERIFICACIÓN | O2: ESTADO Y CAMBIOS
A3: ID Requisito | B3: Título del requisito | C3: Tipo | D3: ID Necesidad de negocio | E3: Stakeholder solicitante | F3: Prioridad (MoSCoW) | G3: Versión SRS | H3: Criterios de aceptación (resumen) | I3: ID Módulo / Código | J3: Sprint implementación | K3: Responsable desarrollo | L3: ID Caso de prueba | M3: Resultado prueba | N3: Fecha última prueba | O3: Estado actual | P3: RFC asociada | Q3: Última actualización | R3: Notas / Observaciones
A4: REQ-EPC28-CA1 | B4: CA1 — Mostrar dietas asociadas en un único paso | C4: Funcional | D4: NEG-01 | E4: Jefe del Departamento de Nutrición | F4: Must have | G4: Historia EPC28 v1.0 | H4: Dado un paciente con enfermedad registrada, el sistema muestra las dietas asociadas en un único paso. | I4: rankDietsForPatient() / renderDietRanking() | J4: U3A2 | K4: Manuela Barrera | L4: TC-CA1 | M4: Pasado | N4: 2026-09-20 | O4: Verificado | P4: — | Q4: 2026-09-20 | R4: El motor evalúa las 4 dietas del catálogo, no solo las de la enfermedad registrada.
A5: REQ-EPC28-CA2 | B5: CA2 — Señalización inequívoca de incompatibilidad | C5: Funcional | D5: NEG-02 | E5: Equipo de diseño UX / Calidad | F5: Must have | G5: Historia EPC28 v1.0 | H5: Si una dieta incluye un alérgeno/incompatible del paciente, el sistema lo señala de forma inequívoca antes de confirmar. | I5: openDietDrawer() — callout + ícono ⚠/◐ | J5: U3A2 | K5: Manuela Barrera | L5: TC-CA2 | M5: Pasado | N5: 2026-09-20 | O5: Verificado | P5: SC-02 | Q5: 2026-09-20 | R5: Reformulado tras defecto D2 (IEEE): ya no depende solo del color; usa texto explícito + ícono.
A6: REQ-EPC28-CA3 | B6: CA3 — Ficha técnica sin perder el contexto del paciente | C6: Funcional | D6: NEG-01 | E6: Jefe del Departamento de Nutrición | F6: Must have | G6: Historia EPC28 v1.0 | H6: El médico accede a la ficha técnica completa de la dieta sin perder el contexto del paciente. | I6: openDietDrawer() — panel lateral | J6: U3A2 | K6: Manuela Barrera | L6: TC-CA3 | M6: Pasado | N6: 2026-09-20 | O6: Verificado | P6: — | Q6: 2026-09-20
A7: REQ-EPC28-CA4 | B7: CA4 — Confirmación en menos de 90 s sin omitir alertas | C7: Funcional | D7: NEG-01 | E7: Jefe del Departamento de Nutrición | F7: Must have | G7: Historia EPC28 v1.0 | H7: Un usuario nuevo elige una dieta segura en menos de 90 segundos sin pasar por alto ninguna alerta. | I7: startTimer() + checkbox de reconocimiento | J7: U3A2 | K7: Manuela Barrera | L7: TC-CA4 | M7: Pasado | N7: 2026-09-20 | O7: Verificado | P7: — | Q7: 2026-09-20 | R7: El botón de confirmación queda bloqueado ante alergia crítica hasta reconocer la alerta.
A8: REQ-EPC28-EXT01 | B8: Manejar paciente sin dietas asociadas al diagnóstico (caso límite) | C8: Funcional | D8: NEG-01 | E8: Jefe del Departamento de Nutrición | F8: Should have | G8: Propuesta v0.1 | H8: Caso límite detectado en la lista de verificación IEEE (defecto D1): completitud de CA1. | I8: (N/A — superado por rediseño) | J8: U3A2 | K8: Manuela Barrera | O8: Archivado | P8: SC-01 | Q8: 2026-09-20 | R8: Cerrado por rediseño: el motor ahora evalúa siempre las 4 dietas del catálogo, por lo que un paciente nunca queda sin dietas para mostrar. El escenario ya no puede ocurrir.
A9: REQ-COMORB-01 | B9: Registrar y evaluar pacientes con comorbilidades (varias enfermedades activas) | C9: Funcional | D9: NEG-03 | E9: Jefe del Departamento de Nutrición | F9: Could have | G9: Propuesta v0.1 | H9: Permitir más de un diagnóstico activo por paciente y cruzar dietas/alergias contra todos ellos. | I9: (pendiente de construir) | J9: Fase 2 (backlog) | K9: Manuela Barrera | O9: Aplazado | P9: SC-03 | Q9: 2026-09-20 | R9: El CCB aprobó su análisis, no su construcción, por el alto impacto en el modelo de datos paciente–enfermedad. Sin caso de prueba porque aún no se implementa.
A10: REQ-AUDIT-01 | B10: Registro histórico de tratamientos confirmados por médico | C10: No funcional | D10: NEG-04 | E10: Equipo de Calidad (QA) | F10: Won't have | G10: — | H10: Registro con fines de auditoría legal de qué tratamiento fue confirmado y por qué médico. | I10: (rechazado, sin implementación) | J10: N/A | K10: Manuela Barrera | O10: Rechazado | P10: SC-04 | Q10: 2026-09-20 | R10: Rechazado para el alcance del EPC 28 por el CCB. Requiere persistencia y autenticación reales, fuera del alcance de este prototipo. Trasladado al backlog general del sistema.

Sheet 🔗 Trazabilidad visual
A1: TRAZABILIDAD VISUAL — Requisitos × Artefactos
C2: Necesidades | G2: Casos de prueba | L2: Módulos código
A3: ID Req. | B3: Título (abrev.) | C3: NEG-01 | D3: NEG-02 | E3: NEG-03 | F3: NEG-04 | G3: TC-CA1 | H3: TC-CA2 | I3: TC-CA3 | J3: TC-CA4 | K3: TC-COMORB-01 | L3: Prototipo-HTML | M3: Motor-Decision-JS | N3: Doc-Validacion-CCB
A4: REQ-EPC28-CA1 | B4: CA1 — Dietas en un paso | C4: ✓ | G4: ✓ | L4: ✓ | M4: ✓ | N4: ✓
A5: REQ-EPC28-CA2 | B5: CA2 — Alerta inequívoca | C5: ✓ | D5: ✓ | H5: ✓ | L5: ✓ | M5: ✓ | N5: ✓
A6: REQ-EPC28-CA3 | B6: CA3 — Ficha sin perder contexto | C6: ✓ | I6: ✓ | L6: ✓ | N6: ✓
A7: REQ-EPC28-CA4 | B7: CA4 — Confirmación < 90 s | C7: ✓ | J7: ✓ | L7: ✓ | M7: ✓ | N7: ✓
A8: REQ-EPC28-EXT01 | B8: Paciente sin dietas (archivado) | C8: ✓ | N8: ✓
A9: REQ-COMORB-01 | B9: Comorbilidades (aplazado) | E9: ✓ | N9: ✓
A10: REQ-AUDIT-01 | B10: Registro histórico (rechazado) | F10: ✓ | N10: ✓
A17: Cobertura total (%) | C17: =IFERROR(COUNTIF(C4:C15,"✓")/COUNTA($A$4:$A$15),"") -> 0.71428571 | D17: =IFERROR(COUNTIF(D4:D15,"✓")/COUNTA($A$4:$A$15),"") -> 0.14285714 | E17: =IFERROR(COUNTIF(E4:E15,"✓")/COUNTA($A$4:$A$15),"") -> 0.14285714 | F17: =IFERROR(COUNTIF(F4:F15,"✓")/COUNTA($A$4:$A$15),"") -> 0.14285714 | G17: =IFERROR(COUNTIF(G4:G15,"✓")/COUNTA($A$4:$A$15),"") -> 0.14285714 | H17: =IFERROR(COUNTIF(H4:H15,"✓")/COUNTA($A$4:$A$15),"") -> 0.14285714 | I17: =IFERROR(COUNTIF(I4:I15,"✓")/COUNTA($A$4:$A$15),"") -> 0.14285714 | J17: =IFERROR(COUNTIF(J4:J15,"✓")/COUNTA($A$4:$A$15),"") -> 0.14285714 | ... N17: =IFERROR(COUNTIF(N4:N15,"✓")/COUNTA($A$4:$A$15),"") -> 1

Sheet 📊 Resumen y métricas
A1: RESUMEN Y MÉTRICAS — Dashboard de trazabilidad
A2: Las métricas se calculan automáticamente a partir de la hoja '📋 Matriz principal'
A4: Total requisitos | C4: Verificados | E4: En desarrollo | G4: Bloqueados / Fallidos | I4: Sin caso de prueba
A5: =COUNTA('📋 Matriz principal'!A4:A103) -> 7 | C5: =COUNTIF('📋 Matriz principal'!O4:O103,"Verificado") -> 4 | E5: =COUNTIF('📋 Matriz principal'!O4:O103,"En desarrollo") -> 0 | G5: =COUNTIF('📋 Matriz principal'!O4:O103,"Bloqueado")+COUNTIF('📋 Matriz principal'!M4:M103,"Fallido") -> 0 | I5: =SUMPRODUCT(('📋 Matriz principal'!$A$4:$A$103<>"")*('📋 Matriz principal'!$L$4:$L$103="")) -> 3
A8: DISTRIBUCIÓN DE ESTADOS
A9: Propuesto | B9: Aprobado | C9: En desarrollo | D9: Implementado | E9: Verificado | F9: Aplazado | G9: Rechazado | H9: Archivado
A10: =COUNTIF('📋 Matriz principal'!O4:O103,"Propuesto") -> 0 | B10: =COUNTIF('📋 Matriz principal'!O4:O103,"Aprobado") -> 0 | C10: =COUNTIF('📋 Matriz principal'!O4:O103,"En desarrollo") -> 0 | D10: =COUNTIF('📋 Matriz principal'!O4:O103,"Implementado") -> 0 | E10: =COUNTIF('📋 Matriz principal'!O4:O103,"Verificado") -> 4 | F10: =COUNTIF('📋 Matriz principal'!O4:O103,"Aplazado") -> 1 | G10: =COUNTIF('📋 Matriz principal'!O4:O103,"Rechazado") -> 1 | H10: =COUNTIF('📋 Matriz principal'!O4:O103,"Archivado") -> 1
A12: DISTRIBUCIÓN POR PRIORIDAD (MoSCoW)
A13: Must have | C13: Should have | E13: Could have | G13: Won't have
A14: =COUNTIF('📋 Matriz principal'!F4:F103,"Must have") -> 4 | C14: =COUNTIF('📋 Matriz principal'!F4:F103,"Should have") -> 1 | E14: =COUNTIF('📋 Matriz principal'!F4:F103,"Could have") -> 1 | G14: =COUNTIF('📋 Matriz principal'!F4:F103,"Won't have") -> 1
A16: ALERTAS DE COBERTURA — Requisitos sin caso de prueba asignado
A17: ID Req. | B17: Título | C17: Prioridad | D17: Estado | E17: Responsable | F17: Sprint
A18: REQ-COMORB-01 | B18: Registrar y evaluar pacientes con comorbilidades | C18: Could have | D18: Aplazado | E18: Manuela Barrera | F18: Fase 2 (backlog)

Sheet 📝 Registro de RFCs
A1: REGISTRO DE SOLICITUDES DE CAMBIO (RFC)
A2: ID RFC | B2: Título del cambio | C2: Solicitante | D2: Fecha solicitud | E2: Prioridad | F2: Requisito(s) afect. | G2: Artefactos impactados | H2: Decisión CCB | I2: Fecha decisión | J2: Responsable impl. | K2: Sprint impl. | L2: Estado RFC | M2: Notas
A3: SC-01 | B3: Estado vacío para paciente sin dietas asociadas | C3: Analista de requisitos (defecto D1) | D3: 2026-09-13 | E3: Alta | F3: REQ-EPC28-EXT01 | G3: Prototipo (vista de lista de dietas) | H3: Aprobado | I3: 2026-09-13 | J3: Manuela Barrera | K3: U3A2 (superado por rediseño) | L3: Cerrado — sin construir | M3: Se cierra porque el rediseño del motor (evalúa todas las dietas) eliminó el escenario.
A4: SC-02 | B4: Reforzar la señal de incompatibilidad con ícono y texto | C4: Analista de requisitos (defecto D2) | D4: 2026-09-13 | E4: Alta | F4: REQ-EPC28-CA2 | G4: Franja de estado, panel de ficha técnica | H4: Aprobado | I4: 2026-09-13 | J4: Manuela Barrera | K4: U3A2 | L4: Implementado | M4: Implementado en la v2 del prototipo (⚠ alergia / ◐ incompatibilidad + texto explícito).
A5: SC-03 | B5: Permitir registrar comorbilidades (varias enfermedades por paciente) | C5: Jefe del Departamento de Nutrición | D5: 2026-09-13 | E5: Media | F5: REQ-COMORB-01 | G5: Modelo de datos paciente–enfermedad, motor de decisión | H5: Diferido a fase 2 | I5: 2026-09-13 | J5: Manuela Barrera | K5: Fase 2 (backlog) | L5: Pendiente | M5: Alto impacto en el modelo de datos. Se aprobó el análisis, no la construcción.
A6: SC-04 | B6: Registro histórico de tratamientos confirmados por médico | C6: Equipo de Calidad (QA) | D6: 2026-09-13 | E6: Baja | F6: REQ-AUDIT-01 | G6: Ninguno (fuera de alcance actual) | H6: Rechazado | I6: 2026-09-13 | J6: — | K6: N/A | L6: Cerrado — rechazado | M6: Fuera del alcance del EPC 28. Trasladado como requisito no funcional al backlog general.

Sheet 🗂️ Catálogo de artefactos
A1: CATÁLOGO DE ARTEFACTOS
A2: ID Artefacto | B2: Tipo | C2: Nombre / Descripción | D2: Versión / Estado final | E2: Autor o revisor | F2: Fecha de cierre | G2: Requisitos vinculados
A3: HIST-EPC28 | B3: Historia de usuario / requisito | C3: Historia de usuario EPC 28 con criterios de aceptación CA1–CA4 | D3: v1.0 · Aprobado | E3: Oscar Sánchez García / Manuela Barrera | F3: 2026-09-13 | G3: REQ-EPC28-CA1 a REQ-EPC28-CA4
A4: PROTO-001 | B4: Prototipo (código) | C4: Prototipo funcional Dietas al Día — HTML/CSS/JS autocontenido | D4: v2.1 · Cerrado / en uso | E4: Manuela Barrera | F4: 2026-09-20 | G4: REQ-EPC28-CA1 a REQ-EPC28-CA4, REQ-EPC28-EXT01
A5: DOC-VAL-001 | B5: Documento de validación | C5: Checklist IEEE, registro de defectos y acta del CCB | D5: v1.0 · Cerrado | E5: Manuela Barrera / Oscar Sánchez García (revisor) | F5: 2026-09-13 | G5: REQ-EPC28-CA1 a REQ-EPC28-CA4, SC-01 a SC-04
A6: MTX-001 | B6: Matriz de trazabilidad | C6: Este archivo — matriz de trazabilidad U4A1 | D6: v1.0 · En uso | E6: Manuela Barrera | F6: 2026-09-20 | G6: Todos
A7: AUD-001 | B7: Informe de auditoría | C7: Auditoría de trazabilidad end-to-end (Misión 10) | D7: v1.0 · Cerrado | E7: Manuela Barrera | F7: 2026-09-20 | G7: Todos
A8: README-001 | B8: Documento README | C8: Guía del repositorio para un lector externo al proyecto | D8: v1.0 · Publicado | E8: Manuela Barrera | F8: 2026-09-20 | G8: Todos
